factor_demanda,p_bloqueo_medio,sd,ic_low,ic_high
1.0,5.209217087440056,0.6231752423198104,4.986216690941815,5.432217483938297
1.2,6.948280766194046,0.669762919214256,6.708609183625063,7.18795234876303
1.5,9.54720815719499,0.8180212468808916,9.254483013430681,9.8399333009593
