media_servicio_min,p_bloqueo_medio,sd,ic_low,ic_high
30,3.0765112898469353,0.40063205291815757,2.933146950920255,3.219875628773616
45,5.209217087440056,0.6231752423198104,4.986216690941815,5.432217483938297
60,7.8705614121442355,0.7465887291477904,7.603398066563774,8.137724757724698
