escenario,resolucion,media,sd,ic_low,ic_high
Base,agregado,5.209217087440056,0.6231752423198104,4.986216690941815,5.432217483938297
Base,zonal,60.21010534696911,1.2148693263953514,59.775369941770386,60.64484075216783
Alt-1 (recorte -20%),agregado,8.518724358797087,0.756275245466053,8.24809473786907,8.789353979725103
Alt-1 (recorte -20%),zonal,65.7728038905436,1.1036503668376287,65.3778676788866,66.1677401022006
Alt-2 (redistribucion),agregado,5.209217087440056,0.6231752423198104,4.986216690941815,5.432217483938297
Alt-2 (redistribucion),zonal,46.372992569144834,1.3416712273442892,45.892881686443054,46.853103451846614
