{"zonas": ["Santiago", "Las Condes", "Providencia", "Estación Central", "Renca", "Independencia", "Vitacura", "Lo Barnechea", "Recoleta", "Resto RM"], "tasa_horaria": [0.947945205479452, 0.7095890410958904, 0.5698630136986301, 0.4273972602739726, 0.3863013698630137, 0.4136986301369863, 0.4438356164383562, 0.6356164383561644, 0.9287671232876712, 1.084931506849315, 1.1753424657534246, 1.356164383561644, 1.5671232876712329, 1.5013698630136987, 1.5452054794520549, 1.484931506849315, 1.5835616438356164, 1.5506849315068494, 1.8273972602739725, 1.7287671232876711, 1.643835616438356, 1.5561643835616439, 1.4136986301369863, 1.1315068493150684], "tasa_horaria_zona": [[0.32602739726027397, 0.2602739726027397, 0.2356164383561644, 0.17534246575342466, 0.15342465753424658, 0.1232876712328767, 0.18356164383561643, 0.2136986301369863, 0.3095890410958904, 0.33972602739726027, 0.3917808219178082, 0.4684931506849315, 0.4684931506849315, 0.5232876712328767, 0.5342465753424658, 0.5287671232876713, 0.4767123287671233, 0.4821917808219178, 0.6027397260273972, 0.5506849315068493, 0.5589041095890411, 0.4767123287671233, 0.5260273972602739, 0.4383561643835616], [0.09315068493150686, 0.07123287671232877, 0.03561643835616438, 0.03561643835616438, 0.03561643835616438, 0.04657534246575343, 0.03287671232876712, 0.08767123287671233, 0.16164383561643836, 0.20273972602739726, 0.2, 0.2136986301369863, 0.2219178082191781, 0.2356164383561644, 0.2328767123287671, 0.2, 0.27945205479452057, 0.23835616438356164, 0.27671232876712326, 0.3013698630136986, 0.28493150684931506, 0.27123287671232876, 0.2493150684931507, 0.1232876712328767], [0.09863013698630137, 0.057534246575342465, 0.043835616438356165, 0.019178082191780823, 0.0273972602739726, 0.03287671232876712, 0.03561643835616438, 0.06575342465753424, 0.10684931506849316, 0.1232876712328767, 0.16164383561643836, 0.1917808219178082, 0.18904109589041096, 0.15616438356164383, 0.16986301369863013, 0.18356164383561643, 0.17534246575342466, 0.18082191780821918, 0.20273972602739726, 0.2191780821917808, 0.17534246575342466, 0.14246575342465753, 0.13150684931506848, 0.09041095890410959], [0.12876712328767123, 0.09041095890410959, 0.09315068493150686, 0.030136986301369864, 0.0410958904109589, 0.06575342465753424, 0.07397260273972603, 0.07397260273972603, 0.1178082191780822, 0.09315068493150686, 0.10410958904109589, 0.10684931506849316, 0.1726027397260274, 0.136986301369863, 0.14520547945205478, 0.1232876712328767, 0.13424657534246576, 0.15616438356164383, 0.1917808219178082, 0.16164383561643836, 0.1917808219178082, 0.1863013698630137, 0.136986301369863, 0.1178082191780822], [0.10410958904109589, 0.07671232876712329, 0.043835616438356165, 0.043835616438356165, 0.03287671232876712, 0.0547945205479452, 0.043835616438356165, 0.04657534246575343, 0.06027397260273973, 0.04657534246575343, 0.052054794520547946, 0.08493150684931507, 0.12054794520547946, 0.09863013698630137, 0.12054794520547946, 0.10136986301369863, 0.10410958904109589, 0.11232876712328767, 0.16712328767123288, 0.10410958904109589, 0.08493150684931507, 0.11506849315068493, 0.08767123287671233, 0.09315068493150686], [0.06301369863013699, 0.04657534246575343, 0.021917808219178082, 0.0273972602739726, 0.024657534246575342, 0.0273972602739726, 0.005479452054794521, 0.0410958904109589, 0.049315068493150684, 0.06301369863013699, 0.06575342465753424, 0.049315068493150684, 0.07945205479452055, 0.0958904109589041, 0.07397260273972603, 0.07397260273972603, 0.07397260273972603, 0.08493150684931507, 0.06301369863013699, 0.06027397260273973, 0.1095890410958904, 0.07671232876712329, 0.06575342465753424, 0.08493150684931507], [0.03561643835616438, 0.021917808219178082, 0.030136986301369864, 0.01643835616438356, 0.0136986301369863, 0.00821917808219178, 0.00821917808219178, 0.024657534246575342, 0.0410958904109589, 0.07123287671232877, 0.052054794520547946, 0.057534246575342465, 0.10684931506849316, 0.08493150684931507, 0.08767123287671233, 0.07671232876712329, 0.08493150684931507, 0.07123287671232877, 0.08493150684931507, 0.10684931506849316, 0.07397260273972603, 0.07397260273972603, 0.0410958904109589, 0.03287671232876712], [0.038356164383561646, 0.021917808219178082, 0.01643835616438356, 0.01643835616438356, 0.0136986301369863, 0.005479452054794521, 0.021917808219178082, 0.021917808219178082, 0.0273972602739726, 0.052054794520547946, 0.06027397260273973, 0.07945205479452055, 0.09041095890410959, 0.057534246575342465, 0.07123287671232877, 0.07123287671232877, 0.13424657534246576, 0.09863013698630137, 0.07945205479452055, 0.0821917808219178, 0.049315068493150684, 0.07945205479452055, 0.0547945205479452, 0.049315068493150684], [0.03561643835616438, 0.030136986301369864, 0.024657534246575342, 0.03287671232876712, 0.030136986301369864, 0.030136986301369864, 0.030136986301369864, 0.03287671232876712, 0.030136986301369864, 0.057534246575342465, 0.0547945205479452, 0.049315068493150684, 0.0684931506849315, 0.07397260273972603, 0.052054794520547946, 0.052054794520547946, 0.052054794520547946, 0.07671232876712329, 0.0684931506849315, 0.0821917808219178, 0.07123287671232877, 0.06301369863013699, 0.07397260273972603, 0.0410958904109589], [0.024657534246575342, 0.03287671232876712, 0.024657534246575342, 0.030136986301369864, 0.0136986301369863, 0.019178082191780823, 0.00821917808219178, 0.0273972602739726, 0.024657534246575342, 0.03561643835616438, 0.03287671232876712, 0.0547945205479452, 0.049315068493150684, 0.038356164383561646, 0.057534246575342465, 0.07397260273972603, 0.0684931506849315, 0.049315068493150684, 0.09041095890410959, 0.06027397260273973, 0.043835616438356165, 0.07123287671232877, 0.04657534246575343, 0.06027397260273973]], "unid_hist": {"1": 3168, "2": 4987, "3": 1044, "4": 512, "5": 195, "6": 50, "7": 19, "8": 9, "9": 2, "10": 2, "13": 4, "14": 14, "15": 12, "16": 8, "17": 7, "18": 11, "19": 7, "20": 6, "21": 2, "22": 3, "23": 1, "26": 1, "27": 2, "28": 1, "29": 2, "31": 3, "32": 2, "35": 2, "36": 2, "58": 1}, "unid_hist_zona": [{"1": 993, "2": 1708, "3": 324, "4": 206, "5": 105, "6": 17, "7": 7, "8": 5, "9": 1, "14": 4, "15": 7, "16": 5, "17": 3, "18": 7, "19": 4, "20": 3, "22": 3, "26": 1, "27": 1, "29": 1, "31": 2, "32": 2, "35": 2, "58": 1}, {"1": 413, "2": 862, "3": 139, "4": 73, "5": 8, "6": 4, "7": 3, "8": 1, "10": 1, "14": 1, "15": 1, "17": 1, "28": 1}, {"1": 270, "2": 608, "3": 123, "4": 62, "5": 12, "6": 5, "7": 2, "8": 1, "15": 1, "16": 1, "17": 1, "19": 1, "29": 1}, {"1": 365, "2": 472, "3": 107, "4": 56, "5": 28, "6": 8, "7": 2, "13": 2, "14": 5, "15": 2, "16": 1, "36": 1}, {"1": 275, "2": 309, "3": 102, "4": 15, "5": 13, "6": 5, "8": 1, "13": 2, "14": 1, "17": 1, "18": 1, "19": 1, "20": 2, "21": 1, "27": 1}, {"1": 112, "2": 286, "3": 66, "4": 38, "5": 6, "6": 5, "7": 1, "10": 1, "14": 1, "15": 1, "16": 1, "18": 2, "23": 1}, {"1": 104, "2": 294, "3": 50, "4": 21, "5": 4, "6": 1, "7": 1, "8": 1, "9": 1}, {"1": 168, "2": 220, "3": 49, "4": 18, "5": 13, "6": 1, "7": 1, "20": 1, "21": 1}, {"1": 166, "2": 166, "3": 75, "4": 20, "5": 4, "6": 3, "7": 2, "14": 2, "17": 1, "18": 1, "19": 1, "31": 1, "36": 1}, {"1": 302, "2": 62, "3": 9, "4": 3, "5": 2, "6": 1}], "vol_zona": {"Santiago": 3412, "Las Condes": 1508, "Providencia": 1088, "Estación Central": 1049, "Renca": 730, "Independencia": 521, "Vitacura": 477, "Lo Barnechea": 472, "Recoleta": 443, "Resto RM": 379}, "flota_base": 7, "flota_base_zona": {"Santiago": 3, "Las Condes": 1, "Providencia": 1, "Estación Central": 1, "Renca": 1, "Independencia": 0, "Vitacura": 0, "Lo Barnechea": 0, "Recoleta": 0, "Resto RM": 0}, "media_serv": 45, "umbral": 5}